metric_code,period_label,year,school_year_start_year,education_level,source_publisher,indicator_code,value,data_status,break_flag
K1,SY1971–1972,1971,1971,Elementary,World Bank Open Data (UNESCO UIS / ILO),SE.PRM.ENRL.TC.ZS,28.58095,Official,
K1,SY1972–1973,1972,1972,Elementary,World Bank Open Data (UNESCO UIS / ILO),SE.PRM.ENRL.TC.ZS,28.3359,Official,
K1,SY1973–1974,1973,1973,Elementary,World Bank Open Data (UNESCO UIS / ILO),SE.PRM.ENRL.TC.ZS,28.00313,Official,
K1,SY1974–1975,1974,1974,Elementary,World Bank Open Data (UNESCO UIS / ILO),SE.PRM.ENRL.TC.ZS,28.061,Official,
K1,SY1975–1976,1975,1975,Elementary,World Bank Open Data (UNESCO UIS / ILO),SE.PRM.ENRL.TC.ZS,28.5924,Official,
K1,SY1976–1977,1976,1976,Elementary,World Bank Open Data (UNESCO UIS / ILO),SE.PRM.ENRL.TC.ZS,29.01752,Official,
K1,SY1977–1978,1977,1977,Elementary,World Bank Open Data (UNESCO UIS / ILO),SE.PRM.ENRL.TC.ZS,30.87913,Official,
K1,SY1978–1979,1978,1978,Elementary,World Bank Open Data (UNESCO UIS / ILO),SE.PRM.ENRL.TC.ZS,30.66521,Official,
K1,SY1980–1981,1980,1980,Elementary,World Bank Open Data (UNESCO UIS / ILO),SE.PRM.ENRL.TC.ZS,32.14948,Official,
K1,SY1981–1982,1981,1981,Elementary,World Bank Open Data (UNESCO UIS / ILO),SE.PRM.ENRL.TC.ZS,32.19058,Official,
K1,SY1982–1983,1982,1982,Elementary,World Bank Open Data (UNESCO UIS / ILO),SE.PRM.ENRL.TC.ZS,31.14637,Official,
K1,SY1983–1984,1983,1983,Elementary,World Bank Open Data (UNESCO UIS / ILO),SE.PRM.ENRL.TC.ZS,31.56999,Official,
K1,SY1984–1985,1984,1984,Elementary,World Bank Open Data (UNESCO UIS / ILO),SE.PRM.ENRL.TC.ZS,30.97276,Official,
K1,SY1985–1986,1985,1985,Elementary,World Bank Open Data (UNESCO UIS / ILO),SE.PRM.ENRL.TC.ZS,30.721,Official,
K1,SY1986–1987,1986,1986,Elementary,World Bank Open Data (UNESCO UIS / ILO),SE.PRM.ENRL.TC.ZS,30.85887,Official,
K1,SY1987–1988,1987,1987,Elementary,World Bank Open Data (UNESCO UIS / ILO),SE.PRM.ENRL.TC.ZS,31.45627,Official,
K1,SY1988–1989,1988,1988,Elementary,World Bank Open Data (UNESCO UIS / ILO),SE.PRM.ENRL.TC.ZS,31.84201,Official,
K1,SY1989–1990,1989,1989,Elementary,World Bank Open Data (UNESCO UIS / ILO),SE.PRM.ENRL.TC.ZS,33.00045,Official,
K1,SY1990–1991,1990,1990,Elementary,World Bank Open Data (UNESCO UIS / ILO),SE.PRM.ENRL.TC.ZS,32.66715,Official,
K1,SY1991–1992,1991,1991,Elementary,World Bank Open Data (UNESCO UIS / ILO),SE.PRM.ENRL.TC.ZS,32.8906,Official,
K1,SY1992–1993,1992,1992,Elementary,World Bank Open Data (UNESCO UIS / ILO),SE.PRM.ENRL.TC.ZS,33.41975,Official,
K1,SY1993–1994,1993,1993,Elementary,World Bank Open Data (UNESCO UIS / ILO),SE.PRM.ENRL.TC.ZS,33.67088,Official,
K1,SY1994–1995,1994,1994,Elementary,World Bank Open Data (UNESCO UIS / ILO),SE.PRM.ENRL.TC.ZS,33.46948,Official,
K1,SY1995–1996,1995,1995,Elementary,World Bank Open Data (UNESCO UIS / ILO),SE.PRM.ENRL.TC.ZS,33.73656,Official,
K1,SY1996–1997,1996,1996,Elementary,World Bank Open Data (UNESCO UIS / ILO),SE.PRM.ENRL.TC.ZS,34.47076,Official,
K1,SY1997–1998,1997,1997,Elementary,World Bank Open Data (UNESCO UIS / ILO),SE.PRM.ENRL.TC.ZS,34.72563,Official,
K1,SY1998–1999,1998,1998,Elementary,World Bank Open Data (UNESCO UIS / ILO),SE.PRM.ENRL.TC.ZS,34.47868,Official,
K1,SY1999–2000,1999,1999,Elementary,World Bank Open Data (UNESCO UIS / ILO),SE.PRM.ENRL.TC.ZS,34.69483,Official,
K1,SY2000–2001,2000,2000,Elementary,World Bank Open Data (UNESCO UIS / ILO),SE.PRM.ENRL.TC.ZS,35.31923,Official,
K1,SY2001–2002,2001,2001,Elementary,World Bank Open Data (UNESCO UIS / ILO),SE.PRM.ENRL.TC.ZS,35.20686,Official,
K1,SY2002–2003,2002,2002,Elementary,World Bank Open Data (UNESCO UIS / ILO),SE.PRM.ENRL.TC.ZS,35.38941,Official,
K1,SY2003–2004,2003,2003,Elementary,World Bank Open Data (UNESCO UIS / ILO),SE.PRM.ENRL.TC.ZS,34.92513,Official,
K1,SY2004–2005,2004,2004,Elementary,World Bank Open Data (UNESCO UIS / ILO),SE.PRM.ENRL.TC.ZS,34.53153,Official,
K1,SY2005–2006,2005,2005,Elementary,World Bank Open Data (UNESCO UIS / ILO),SE.PRM.ENRL.TC.ZS,35.07377,Official,
K1,SY2006–2007,2006,2006,Elementary,World Bank Open Data (UNESCO UIS / ILO),SE.PRM.ENRL.TC.ZS,34.59417,Official,
K1,SY2007–2008,2007,2007,Elementary,World Bank Open Data (UNESCO UIS / ILO),SE.PRM.ENRL.TC.ZS,33.66837,Official,
K1,SY2008–2009,2008,2008,Elementary,World Bank Open Data (UNESCO UIS / ILO),SE.PRM.ENRL.TC.ZS,33.7418,Official,
K1,SY2009–2010,2009,2009,Elementary,World Bank Open Data (UNESCO UIS / ILO),SE.PRM.ENRL.TC.ZS,31.43572,Official,
K1,SY2014–2015,2014,2014,Elementary,World Bank Open Data (UNESCO UIS / ILO),SE.PRM.ENRL.TC.ZS,31.35082,Official,
K1,SY2015–2016,2015,2015,Elementary,World Bank Open Data (UNESCO UIS / ILO),SE.PRM.ENRL.TC.ZS,30.26629,Official,
K1,SY2016–2017,2016,2016,Elementary,World Bank Open Data (UNESCO UIS / ILO),SE.PRM.ENRL.TC.ZS,28.98824,Official,
K1,SY2017–2018,2017,2017,Elementary,World Bank Open Data (UNESCO UIS / ILO),SE.PRM.ENRL.TC.ZS,29.08352,Official,
K1,SY1971–1972,1971,1971,Secondary,World Bank Open Data (UNESCO UIS / ILO),SE.SEC.ENRL.TC.ZS,33.07847,Official,
K1,SY1972–1973,1972,1972,Secondary,World Bank Open Data (UNESCO UIS / ILO),SE.SEC.ENRL.TC.ZS,30.27734,Official,
K1,SY1973–1974,1973,1973,Secondary,World Bank Open Data (UNESCO UIS / ILO),SE.SEC.ENRL.TC.ZS,29.15901,Official,
K1,SY1974–1975,1974,1974,Secondary,World Bank Open Data (UNESCO UIS / ILO),SE.SEC.ENRL.TC.ZS,28.30899,Official,
K1,SY1975–1976,1975,1975,Secondary,World Bank Open Data (UNESCO UIS / ILO),SE.SEC.ENRL.TC.ZS,29.77118,Official,
K1,SY1976–1977,1976,1976,Secondary,World Bank Open Data (UNESCO UIS / ILO),SE.SEC.ENRL.TC.ZS,31.48901,Official,
K1,SY1978–1979,1978,1978,Secondary,World Bank Open Data (UNESCO UIS / ILO),SE.SEC.ENRL.TC.ZS,33.62505,Official,
K1,SY1981–1982,1981,1981,Secondary,World Bank Open Data (UNESCO UIS / ILO),SE.SEC.ENRL.TC.ZS,34.14035,Official,
K1,SY1982–1983,1982,1982,Secondary,World Bank Open Data (UNESCO UIS / ILO),SE.SEC.ENRL.TC.ZS,34.35011,Official,
K1,SY1983–1984,1983,1983,Secondary,World Bank Open Data (UNESCO UIS / ILO),SE.SEC.ENRL.TC.ZS,34.25573,Official,
K1,SY1984–1985,1984,1984,Secondary,World Bank Open Data (UNESCO UIS / ILO),SE.SEC.ENRL.TC.ZS,34.98342,Official,
K1,SY1985–1986,1985,1985,Secondary,World Bank Open Data (UNESCO UIS / ILO),SE.SEC.ENRL.TC.ZS,32.1134,Official,
K1,SY1986–1987,1986,1986,Secondary,World Bank Open Data (UNESCO UIS / ILO),SE.SEC.ENRL.TC.ZS,32.3135,Official,
K1,SY1987–1988,1987,1987,Secondary,World Bank Open Data (UNESCO UIS / ILO),SE.SEC.ENRL.TC.ZS,33.84303,Official,
K1,SY1988–1989,1988,1988,Secondary,World Bank Open Data (UNESCO UIS / ILO),SE.SEC.ENRL.TC.ZS,34.05541,Official,
K1,SY1989–1990,1989,1989,Secondary,World Bank Open Data (UNESCO UIS / ILO),SE.SEC.ENRL.TC.ZS,33.44644,Official,
K1,SY1990–1991,1990,1990,Secondary,World Bank Open Data (UNESCO UIS / ILO),SE.SEC.ENRL.TC.ZS,33.34573,Official,
K1,SY1991–1992,1991,1991,Secondary,World Bank Open Data (UNESCO UIS / ILO),SE.SEC.ENRL.TC.ZS,33.09292,Official,
K1,SY1992–1993,1992,1992,Secondary,World Bank Open Data (UNESCO UIS / ILO),SE.SEC.ENRL.TC.ZS,32.44527,Official,
K1,SY1994–1995,1994,1994,Secondary,World Bank Open Data (UNESCO UIS / ILO),SE.SEC.ENRL.TC.ZS,34.02598,Official,
K1,SY1995–1996,1995,1995,Secondary,World Bank Open Data (UNESCO UIS / ILO),SE.SEC.ENRL.TC.ZS,36.20277,Official,
K1,SY1997–1998,1997,1997,Secondary,World Bank Open Data (UNESCO UIS / ILO),SE.SEC.ENRL.TC.ZS,31.59721,Official,
K1,SY1998–1999,1998,1998,Secondary,World Bank Open Data (UNESCO UIS / ILO),SE.SEC.ENRL.TC.ZS,33.62201,Official,
K1,SY1999–2000,1999,1999,Secondary,World Bank Open Data (UNESCO UIS / ILO),SE.SEC.ENRL.TC.ZS,34.06824,Official,
K1,SY2001–2002,2001,2001,Secondary,World Bank Open Data (UNESCO UIS / ILO),SE.SEC.ENRL.TC.ZS,36.38671,Official,
K1,SY2002–2003,2002,2002,Secondary,World Bank Open Data (UNESCO UIS / ILO),SE.SEC.ENRL.TC.ZS,38.3308,Official,
K1,SY2003–2004,2003,2003,Secondary,World Bank Open Data (UNESCO UIS / ILO),SE.SEC.ENRL.TC.ZS,37.08653,Official,
K1,SY2004–2005,2004,2004,Secondary,World Bank Open Data (UNESCO UIS / ILO),SE.SEC.ENRL.TC.ZS,37.53937,Official,
K1,SY2005–2006,2005,2005,Secondary,World Bank Open Data (UNESCO UIS / ILO),SE.SEC.ENRL.TC.ZS,37.86897,Official,
K1,SY2006–2007,2006,2006,Secondary,World Bank Open Data (UNESCO UIS / ILO),SE.SEC.ENRL.TC.ZS,37.27093,Official,
K1,SY2007–2008,2007,2007,Secondary,World Bank Open Data (UNESCO UIS / ILO),SE.SEC.ENRL.TC.ZS,35.13372,Official,
K1,SY2009–2010,2009,2009,Secondary,World Bank Open Data (UNESCO UIS / ILO),SE.SEC.ENRL.TC.ZS,34.81426,Official,
K1,SY2014–2015,2014,2014,Secondary,World Bank Open Data (UNESCO UIS / ILO),SE.SEC.ENRL.TC.ZS,26.99059,Official,
K1,SY2015–2016,2015,2015,Secondary,World Bank Open Data (UNESCO UIS / ILO),SE.SEC.ENRL.TC.ZS,26.22974,Official,
K1,SY2016–2017,2016,2016,Secondary,World Bank Open Data (UNESCO UIS / ILO),SE.SEC.ENRL.TC.ZS,23.52214,Official,
K1,SY2017–2018,2017,2017,Secondary,World Bank Open Data (UNESCO UIS / ILO),SE.SEC.ENRL.TC.ZS,23.88062,Official,
K2,SY1971–1972,1971,1971,Elementary,World Bank Open Data (UNESCO UIS / ILO),SE.PRM.ENRL,6968978,Official,
K2,SY1972–1973,1972,1972,Elementary,World Bank Open Data (UNESCO UIS / ILO),SE.PRM.ENRL,7001970,Official,
K2,SY1973–1974,1973,1973,Elementary,World Bank Open Data (UNESCO UIS / ILO),SE.PRM.ENRL,7022709,Official,
K2,SY1974–1975,1974,1974,Elementary,World Bank Open Data (UNESCO UIS / ILO),SE.PRM.ENRL,7209039,Official,
K2,SY1975–1976,1975,1975,Elementary,World Bank Open Data (UNESCO UIS / ILO),SE.PRM.ENRL,7429249,Official,
K2,SY1976–1977,1976,1976,Elementary,World Bank Open Data (UNESCO UIS / ILO),SE.PRM.ENRL,7597279,Official,
K2,SY1977–1978,1977,1977,Elementary,World Bank Open Data (UNESCO UIS / ILO),SE.PRM.ENRL,7808158,Official,
K2,SY1978–1979,1978,1978,Elementary,World Bank Open Data (UNESCO UIS / ILO),SE.PRM.ENRL,7861641,Official,
K2,SY1979–1980,1979,1979,Elementary,World Bank Open Data (UNESCO UIS / ILO),SE.PRM.ENRL,8178609,Official,
K2,SY1980–1981,1980,1980,Elementary,World Bank Open Data (UNESCO UIS / ILO),SE.PRM.ENRL,8112536,Official,
K2,SY1981–1982,1981,1981,Elementary,World Bank Open Data (UNESCO UIS / ILO),SE.PRM.ENRL,8506072,Official,
K2,SY1982–1983,1982,1982,Elementary,World Bank Open Data (UNESCO UIS / ILO),SE.PRM.ENRL,8518283,Official,
K2,SY1983–1984,1983,1983,Elementary,World Bank Open Data (UNESCO UIS / ILO),SE.PRM.ENRL,8591267,Official,
K2,SY1984–1985,1984,1984,Elementary,World Bank Open Data (UNESCO UIS / ILO),SE.PRM.ENRL,8717469,Official,
K2,SY1985–1986,1985,1985,Elementary,World Bank Open Data (UNESCO UIS / ILO),SE.PRM.ENRL,8793763,Official,
K2,SY1986–1987,1986,1986,Elementary,World Bank Open Data (UNESCO UIS / ILO),SE.PRM.ENRL,8925959,Official,
K2,SY1987–1988,1987,1987,Elementary,World Bank Open Data (UNESCO UIS / ILO),SE.PRM.ENRL,9204168,Official,
K2,SY1988–1989,1988,1988,Elementary,World Bank Open Data (UNESCO UIS / ILO),SE.PRM.ENRL,9601322,Official,
K2,SY1989–1990,1989,1989,Elementary,World Bank Open Data (UNESCO UIS / ILO),SE.PRM.ENRL,9972571,Official,
K2,SY1990–1991,1990,1990,Elementary,World Bank Open Data (UNESCO UIS / ILO),SE.PRM.ENRL,10284861,Official,
K2,SY1991–1992,1991,1991,Elementary,World Bank Open Data (UNESCO UIS / ILO),SE.PRM.ENRL,10427077,Official,
K2,SY1992–1993,1992,1992,Elementary,World Bank Open Data (UNESCO UIS / ILO),SE.PRM.ENRL,10517932,Official,
K2,SY1993–1994,1993,1993,Elementary,World Bank Open Data (UNESCO UIS / ILO),SE.PRM.ENRL,10674073,Official,
K2,SY1994–1995,1994,1994,Elementary,World Bank Open Data (UNESCO UIS / ILO),SE.PRM.ENRL,10731453,Official,
K2,SY1995–1996,1995,1995,Elementary,World Bank Open Data (UNESCO UIS / ILO),SE.PRM.ENRL,10910876,Official,
K2,SY1996–1997,1996,1996,Elementary,World Bank Open Data (UNESCO UIS / ILO),SE.PRM.ENRL,11541570,Official,
K2,SY1997–1998,1997,1997,Elementary,World Bank Open Data (UNESCO UIS / ILO),SE.PRM.ENRL,11847794,Official,
K2,SY1998–1999,1998,1998,Elementary,World Bank Open Data (UNESCO UIS / ILO),SE.PRM.ENRL,12225038,Official,
K2,SY1999–2000,1999,1999,Elementary,World Bank Open Data (UNESCO UIS / ILO),SE.PRM.ENRL,12502524,Official,
K2,SY2000–2001,2000,2000,Elementary,World Bank Open Data (UNESCO UIS / ILO),SE.PRM.ENRL,12707788,Official,
K2,SY2001–2002,2001,2001,Elementary,World Bank Open Data (UNESCO UIS / ILO),SE.PRM.ENRL,12759918,Official,
K2,SY2002–2003,2002,2002,Elementary,World Bank Open Data (UNESCO UIS / ILO),SE.PRM.ENRL,12826218,Official,
K2,SY2003–2004,2003,2003,Elementary,World Bank Open Data (UNESCO UIS / ILO),SE.PRM.ENRL,12970635,Official,
K2,SY2004–2005,2004,2004,Elementary,World Bank Open Data (UNESCO UIS / ILO),SE.PRM.ENRL,13017973,Official,
K2,SY2005–2006,2005,2005,Elementary,World Bank Open Data (UNESCO UIS / ILO),SE.PRM.ENRL,13083744,Official,
K2,SY2006–2007,2006,2006,Elementary,World Bank Open Data (UNESCO UIS / ILO),SE.PRM.ENRL,13006648,Official,
K2,SY2007–2008,2007,2007,Elementary,World Bank Open Data (UNESCO UIS / ILO),SE.PRM.ENRL,13145210,Official,
K2,SY2008–2009,2008,2008,Elementary,World Bank Open Data (UNESCO UIS / ILO),SE.PRM.ENRL,13411286,Official,
K2,SY2009–2010,2009,2009,Elementary,World Bank Open Data (UNESCO UIS / ILO),SE.PRM.ENRL,13686643,Official,
K2,SY2014–2015,2014,2014,Elementary,World Bank Open Data (UNESCO UIS / ILO),SE.PRM.ENRL,14460377,Official,
K2,SY2015–2016,2015,2015,Elementary,World Bank Open Data (UNESCO UIS / ILO),SE.PRM.ENRL,14453060,Official,
K2,SY2016–2017,2016,2016,Elementary,World Bank Open Data (UNESCO UIS / ILO),SE.PRM.ENRL,14293635,Official,
K2,SY2017–2018,2017,2017,Elementary,World Bank Open Data (UNESCO UIS / ILO),SE.PRM.ENRL,14039867,Official,
K2,SY2018–2019,2018,2018,Elementary,World Bank Open Data (UNESCO UIS / ILO),SE.PRM.ENRL,13418841,Official,
K2,SY2019–2020,2019,2019,Elementary,World Bank Open Data (UNESCO UIS / ILO),SE.PRM.ENRL,13195088,Official,
K2,SY2020–2021,2020,2020,Elementary,World Bank Open Data (UNESCO UIS / ILO),SE.PRM.ENRL,13214472,Official,
K2,SY2021–2022,2021,2021,Elementary,World Bank Open Data (UNESCO UIS / ILO),SE.PRM.ENRL,12529116,Official,
K2,SY2022–2023,2022,2022,Elementary,World Bank Open Data (UNESCO UIS / ILO),SE.PRM.ENRL,12728441,Official,
K2,SY2023–2024,2023,2023,Elementary,World Bank Open Data (UNESCO UIS / ILO),SE.PRM.ENRL,12953380,Official,
K2,SY2024–2025,2024,2024,Elementary,World Bank Open Data (UNESCO UIS / ILO),SE.PRM.ENRL,13061453,Official,
K2,SY1971–1972,1971,1971,Secondary,World Bank Open Data (UNESCO UIS / ILO),SE.SEC.ENRL,1719386,Official,
K2,SY1972–1973,1972,1972,Secondary,World Bank Open Data (UNESCO UIS / ILO),SE.SEC.ENRL,1800684,Official,
K2,SY1973–1974,1973,1973,Secondary,World Bank Open Data (UNESCO UIS / ILO),SE.SEC.ENRL,1875012,Official,
K2,SY1974–1975,1974,1974,Secondary,World Bank Open Data (UNESCO UIS / ILO),SE.SEC.ENRL,1958048,Official,
K2,SY1975–1976,1975,1975,Secondary,World Bank Open Data (UNESCO UIS / ILO),SE.SEC.ENRL,2112176,Official,
K2,SY1976–1977,1976,1976,Secondary,World Bank Open Data (UNESCO UIS / ILO),SE.SEC.ENRL,2291707,Official,
K2,SY1977–1978,1977,1977,Secondary,World Bank Open Data (UNESCO UIS / ILO),SE.SEC.ENRL,2508519,Official,
K2,SY1978–1979,1978,1978,Secondary,World Bank Open Data (UNESCO UIS / ILO),SE.SEC.ENRL,2696460,Official,
K2,SY1979–1980,1979,1979,Secondary,World Bank Open Data (UNESCO UIS / ILO),SE.SEC.ENRL,2820469,Official,
K2,SY1980–1981,1980,1980,Secondary,World Bank Open Data (UNESCO UIS / ILO),SE.SEC.ENRL,2917912,Official,
K2,SY1981–1982,1981,1981,Secondary,World Bank Open Data (UNESCO UIS / ILO),SE.SEC.ENRL,2928525,Official,
K2,SY1982–1983,1982,1982,Secondary,World Bank Open Data (UNESCO UIS / ILO),SE.SEC.ENRL,2935732,Official,
K2,SY1983–1984,1983,1983,Secondary,World Bank Open Data (UNESCO UIS / ILO),SE.SEC.ENRL,3092128,Official,
K2,SY1984–1985,1984,1984,Secondary,World Bank Open Data (UNESCO UIS / ILO),SE.SEC.ENRL,3204551,Official,
K2,SY1985–1986,1985,1985,Secondary,World Bank Open Data (UNESCO UIS / ILO),SE.SEC.ENRL,3323512,Official,
K2,SY1986–1987,1986,1986,Secondary,World Bank Open Data (UNESCO UIS / ILO),SE.SEC.ENRL,3214159,Official,
K2,SY1987–1988,1987,1987,Secondary,World Bank Open Data (UNESCO UIS / ILO),SE.SEC.ENRL,3420921,Official,
K2,SY1988–1989,1988,1988,Secondary,World Bank Open Data (UNESCO UIS / ILO),SE.SEC.ENRL,3494460,Official,
K2,SY1989–1990,1989,1989,Secondary,World Bank Open Data (UNESCO UIS / ILO),SE.SEC.ENRL,3737104,Official,
K2,SY1990–1991,1990,1990,Secondary,World Bank Open Data (UNESCO UIS / ILO),SE.SEC.ENRL,3961639,Official,
K2,SY1991–1992,1991,1991,Secondary,World Bank Open Data (UNESCO UIS / ILO),SE.SEC.ENRL,4033597,Official,
K2,SY1992–1993,1992,1992,Secondary,World Bank Open Data (UNESCO UIS / ILO),SE.SEC.ENRL,4208151,Official,
K2,SY1993–1994,1993,1993,Secondary,World Bank Open Data (UNESCO UIS / ILO),SE.SEC.ENRL,4421649,Official,
K2,SY1994–1995,1994,1994,Secondary,World Bank Open Data (UNESCO UIS / ILO),SE.SEC.ENRL,4590037,Official,
K2,SY1995–1996,1995,1995,Secondary,World Bank Open Data (UNESCO UIS / ILO),SE.SEC.ENRL,4772647,Official,
K2,SY1996–1997,1996,1996,Secondary,World Bank Open Data (UNESCO UIS / ILO),SE.SEC.ENRL,4809863,Official,
K2,SY1997–1998,1997,1997,Secondary,World Bank Open Data (UNESCO UIS / ILO),SE.SEC.ENRL,4888246,Official,
K2,SY1998–1999,1998,1998,Secondary,World Bank Open Data (UNESCO UIS / ILO),SE.SEC.ENRL,5024810,Official,
K2,SY1999–2000,1999,1999,Secondary,World Bank Open Data (UNESCO UIS / ILO),SE.SEC.ENRL,5117459,Official,
K2,SY2001–2002,2001,2001,Secondary,World Bank Open Data (UNESCO UIS / ILO),SE.SEC.ENRL,5386434,Official,
K2,SY2002–2003,2002,2002,Secondary,World Bank Open Data (UNESCO UIS / ILO),SE.SEC.ENRL,5816699,Official,
K2,SY2003–2004,2003,2003,Secondary,World Bank Open Data (UNESCO UIS / ILO),SE.SEC.ENRL,6069063,Official,
K2,SY2004–2005,2004,2004,Secondary,World Bank Open Data (UNESCO UIS / ILO),SE.SEC.ENRL,6308792,Official,
K2,SY2005–2006,2005,2005,Secondary,World Bank Open Data (UNESCO UIS / ILO),SE.SEC.ENRL,6352482,Official,
K2,SY2006–2007,2006,2006,Secondary,World Bank Open Data (UNESCO UIS / ILO),SE.SEC.ENRL,6301582,Official,
K2,SY2007–2008,2007,2007,Secondary,World Bank Open Data (UNESCO UIS / ILO),SE.SEC.ENRL,6365985,Official,
K2,SY2008–2009,2008,2008,Secondary,World Bank Open Data (UNESCO UIS / ILO),SE.SEC.ENRL,6509273,Official,
K2,SY2009–2010,2009,2009,Secondary,World Bank Open Data (UNESCO UIS / ILO),SE.SEC.ENRL,6766952,Official,
K2,SY2014–2015,2014,2014,Secondary,World Bank Open Data (UNESCO UIS / ILO),SE.SEC.ENRL,7220389,Official,
K2,SY2015–2016,2015,2015,Secondary,World Bank Open Data (UNESCO UIS / ILO),SE.SEC.ENRL,7319461,Official,
K2,SY2016–2017,2016,2016,Secondary,World Bank Open Data (UNESCO UIS / ILO),SE.SEC.ENRL,7397290,Official,K-12 Senior High rollout (2016)
K2,SY2017–2018,2017,2017,Secondary,World Bank Open Data (UNESCO UIS / ILO),SE.SEC.ENRL,9007148,Official,K-12 Senior High rollout (2016)
K2,SY2018–2019,2018,2018,Secondary,World Bank Open Data (UNESCO UIS / ILO),SE.SEC.ENRL,10562477,Official,K-12 Senior High rollout (2016)
K2,SY2019–2020,2019,2019,Secondary,World Bank Open Data (UNESCO UIS / ILO),SE.SEC.ENRL,11346712,Official,K-12 Senior High rollout (2016)
K2,SY2020–2021,2020,2020,Secondary,World Bank Open Data (UNESCO UIS / ILO),SE.SEC.ENRL,11696280,Official,K-12 Senior High rollout (2016)
K2,SY2021–2022,2021,2021,Secondary,World Bank Open Data (UNESCO UIS / ILO),SE.SEC.ENRL,11566641,Official,K-12 Senior High rollout (2016)
K2,SY2022–2023,2022,2022,Secondary,World Bank Open Data (UNESCO UIS / ILO),SE.SEC.ENRL,12575149,Official,K-12 Senior High rollout (2016)
K2,SY2023–2024,2023,2023,Secondary,World Bank Open Data (UNESCO UIS / ILO),SE.SEC.ENRL,12594216,Official,K-12 Senior High rollout (2016)
K2,SY2024–2025,2024,2024,Secondary,World Bank Open Data (UNESCO UIS / ILO),SE.SEC.ENRL,11865598,Official,K-12 Senior High rollout (2016)
K3,SY1981–1982,1981,1981,Elementary,World Bank Open Data (UNESCO UIS / ILO),SE.PRM.CMPT.ZS,79.32,Official,
K3,SY1983–1984,1983,1983,Elementary,World Bank Open Data (UNESCO UIS / ILO),SE.PRM.CMPT.ZS,84,Official,
K3,SY1984–1985,1984,1984,Elementary,World Bank Open Data (UNESCO UIS / ILO),SE.PRM.CMPT.ZS,85.6,Official,
K3,SY1985–1986,1985,1985,Elementary,World Bank Open Data (UNESCO UIS / ILO),SE.PRM.CMPT.ZS,85.36,Official,
K3,SY1986–1987,1986,1986,Elementary,World Bank Open Data (UNESCO UIS / ILO),SE.PRM.CMPT.ZS,84.42,Official,
K3,SY1987–1988,1987,1987,Elementary,World Bank Open Data (UNESCO UIS / ILO),SE.PRM.CMPT.ZS,84.47,Official,
K3,SY1988–1989,1988,1988,Elementary,World Bank Open Data (UNESCO UIS / ILO),SE.PRM.CMPT.ZS,84.32,Official,
K3,SY1989–1990,1989,1989,Elementary,World Bank Open Data (UNESCO UIS / ILO),SE.PRM.CMPT.ZS,86.11,Official,
K3,SY1990–1991,1990,1990,Elementary,World Bank Open Data (UNESCO UIS / ILO),SE.PRM.CMPT.ZS,87.31,Official,
K3,SY1998–1999,1998,1998,Elementary,World Bank Open Data (UNESCO UIS / ILO),SE.PRM.CMPT.ZS,80.36,Official,
K3,SY1999–2000,1999,1999,Elementary,World Bank Open Data (UNESCO UIS / ILO),SE.PRM.CMPT.ZS,81.97,Official,
K3,SY2001–2002,2001,2001,Elementary,World Bank Open Data (UNESCO UIS / ILO),SE.PRM.CMPT.ZS,95.34,Official,
K3,SY2002–2003,2002,2002,Elementary,World Bank Open Data (UNESCO UIS / ILO),SE.PRM.CMPT.ZS,89.25,Official,
K3,SY2003–2004,2003,2003,Elementary,World Bank Open Data (UNESCO UIS / ILO),SE.PRM.CMPT.ZS,89.11,Official,
K3,SY2004–2005,2004,2004,Elementary,World Bank Open Data (UNESCO UIS / ILO),SE.PRM.CMPT.ZS,89.5,Official,
K3,SY2005–2006,2005,2005,Elementary,World Bank Open Data (UNESCO UIS / ILO),SE.PRM.CMPT.ZS,89.39,Official,
K3,SY2006–2007,2006,2006,Elementary,World Bank Open Data (UNESCO UIS / ILO),SE.PRM.CMPT.ZS,86.94,Official,
K3,SY2007–2008,2007,2007,Elementary,World Bank Open Data (UNESCO UIS / ILO),SE.PRM.CMPT.ZS,86.25,Official,
K3,SY2008–2009,2008,2008,Elementary,World Bank Open Data (UNESCO UIS / ILO),SE.PRM.CMPT.ZS,87.62,Official,
K3,SY2009–2010,2009,2009,Elementary,World Bank Open Data (UNESCO UIS / ILO),SE.PRM.CMPT.ZS,87.43,Official,
K3,SY2014–2015,2014,2014,Elementary,World Bank Open Data (UNESCO UIS / ILO),SE.PRM.CMPT.ZS,91.61,Official,
K3,SY2017–2018,2017,2017,Elementary,World Bank Open Data (UNESCO UIS / ILO),SE.PRM.CMPT.ZS,102.47,Official,
K3,SY2018–2019,2018,2018,Elementary,World Bank Open Data (UNESCO UIS / ILO),SE.PRM.CMPT.ZS,108.33,Official,
K3,SY2019–2020,2019,2019,Elementary,World Bank Open Data (UNESCO UIS / ILO),SE.PRM.CMPT.ZS,99.37,Official,
K3,SY2020–2021,2020,2020,Elementary,World Bank Open Data (UNESCO UIS / ILO),SE.PRM.CMPT.ZS,95.46,Official,
K3,SY2021–2022,2021,2021,Elementary,World Bank Open Data (UNESCO UIS / ILO),SE.PRM.CMPT.ZS,89.08,Official,
K3,SY2022–2023,2022,2022,Elementary,World Bank Open Data (UNESCO UIS / ILO),SE.PRM.CMPT.ZS,86.33,Official,
K3,SY2023–2024,2023,2023,Elementary,World Bank Open Data (UNESCO UIS / ILO),SE.PRM.CMPT.ZS,77.25,Official,
K3,SY2024–2025,2024,2024,Elementary,World Bank Open Data (UNESCO UIS / ILO),SE.PRM.CMPT.ZS,91.45,Official,
K5_G6,NAT 2015 (SY2014–2015),2015,2014,Elementary,DepEd (National Achievement Test releases),NAT-MPS-G6,70.88,Official,
K5_G6,NAT 2016 (SY2015–2016),2016,2015,Elementary,DepEd (National Achievement Test releases),NAT-MPS-G6,42.03,Official,NAT scale change (2016)
K5_G6,NAT 2017 (SY2016–2017),2017,2016,Elementary,DepEd (National Achievement Test releases),NAT-MPS-G6,39.95,Official,NAT scale change (2016)
K5_G6,NAT 2018 (SY2017–2018),2018,2017,Elementary,DepEd (National Achievement Test releases),NAT-MPS-G6,37.44,Official,NAT scale change (2016)
K5_G10,NAT 2014 (SY2013–2014),2014,2013,Junior High,DepEd (National Achievement Test releases),NAT-MPS-G10,53.77,Official,
K5_G10,NAT 2017 (SY2016–2017),2017,2016,Junior High,DepEd (National Achievement Test releases),NAT-MPS-G10,44.08,Official,NAT scale change (2016)
K5_G10,NAT 2018 (SY2017–2018),2018,2017,Junior High,DepEd (National Achievement Test releases),NAT-MPS-G10,44.59,Official,NAT scale change (2016)
K6_MATH,PISA 2018,2018,,National,OECD PISA,PISA-MATH,353,Official,PISA debut (2018)
K6_READ,PISA 2018,2018,,National,OECD PISA,PISA-READ,340,Official,PISA debut (2018)
K6_SCI,PISA 2018,2018,,National,OECD PISA,PISA-SCI,357,Official,PISA debut (2018)
K6_MATH,PISA 2022,2022,,National,OECD PISA,PISA-MATH,355,Official,
K6_READ,PISA 2022,2022,,National,OECD PISA,PISA-READ,347,Official,
K6_SCI,PISA 2022,2022,,National,OECD PISA,PISA-SCI,356,Official,
K7,1991 (annual),1991,,National,World Bank Open Data (UNESCO UIS / ILO),SL.UEM.1524.ZS,9.121,Official,
K7,1992 (annual),1992,,National,World Bank Open Data (UNESCO UIS / ILO),SL.UEM.1524.ZS,9.392,Official,
K7,1993 (annual),1993,,National,World Bank Open Data (UNESCO UIS / ILO),SL.UEM.1524.ZS,9.477,Official,
K7,1994 (annual),1994,,National,World Bank Open Data (UNESCO UIS / ILO),SL.UEM.1524.ZS,9.347,Official,
K7,1995 (annual),1995,,National,World Bank Open Data (UNESCO UIS / ILO),SL.UEM.1524.ZS,9.24,Official,
K7,1996 (annual),1996,,National,World Bank Open Data (UNESCO UIS / ILO),SL.UEM.1524.ZS,9.163,Official,
K7,1997 (annual),1997,,National,World Bank Open Data (UNESCO UIS / ILO),SL.UEM.1524.ZS,9.182,Official,
K7,1998 (annual),1998,,National,World Bank Open Data (UNESCO UIS / ILO),SL.UEM.1524.ZS,9.364,Official,
K7,1999 (annual),1999,,National,World Bank Open Data (UNESCO UIS / ILO),SL.UEM.1524.ZS,9.48,Official,
K7,2000 (annual),2000,,National,World Bank Open Data (UNESCO UIS / ILO),SL.UEM.1524.ZS,9.541,Official,
K7,2001 (annual),2001,,National,World Bank Open Data (UNESCO UIS / ILO),SL.UEM.1524.ZS,9.418,Official,
K7,2002 (annual),2002,,National,World Bank Open Data (UNESCO UIS / ILO),SL.UEM.1524.ZS,9.169,Official,
K7,2003 (annual),2003,,National,World Bank Open Data (UNESCO UIS / ILO),SL.UEM.1524.ZS,8.923,Official,
K7,2004 (annual),2004,,National,World Bank Open Data (UNESCO UIS / ILO),SL.UEM.1524.ZS,9.061,Official,
K7,2005 (annual),2005,,National,World Bank Open Data (UNESCO UIS / ILO),SL.UEM.1524.ZS,9.247,Official,
K7,2006 (annual),2006,,National,World Bank Open Data (UNESCO UIS / ILO),SL.UEM.1524.ZS,10.018,Official,
K7,2007 (annual),2007,,National,World Bank Open Data (UNESCO UIS / ILO),SL.UEM.1524.ZS,8.742,Official,
K7,2008 (annual),2008,,National,World Bank Open Data (UNESCO UIS / ILO),SL.UEM.1524.ZS,9.844,Official,
K7,2009 (annual),2009,,National,World Bank Open Data (UNESCO UIS / ILO),SL.UEM.1524.ZS,10.149,Official,
K7,2010 (annual),2010,,National,World Bank Open Data (UNESCO UIS / ILO),SL.UEM.1524.ZS,9.736,Official,
K7,2011 (annual),2011,,National,World Bank Open Data (UNESCO UIS / ILO),SL.UEM.1524.ZS,9.477,Official,
K7,2012 (annual),2012,,National,World Bank Open Data (UNESCO UIS / ILO),SL.UEM.1524.ZS,9.361,Official,
K7,2013 (annual),2013,,National,World Bank Open Data (UNESCO UIS / ILO),SL.UEM.1524.ZS,9.165,Official,
K7,2014 (annual),2014,,National,World Bank Open Data (UNESCO UIS / ILO),SL.UEM.1524.ZS,9.465,Official,
K7,2015 (annual),2015,,National,World Bank Open Data (UNESCO UIS / ILO),SL.UEM.1524.ZS,8.509,Official,
K7,2016 (annual),2016,,National,World Bank Open Data (UNESCO UIS / ILO),SL.UEM.1524.ZS,7.634,Official,
K7,2017 (annual),2017,,National,World Bank Open Data (UNESCO UIS / ILO),SL.UEM.1524.ZS,7.379,Official,
K7,2018 (annual),2018,,National,World Bank Open Data (UNESCO UIS / ILO),SL.UEM.1524.ZS,6.605,Official,
K7,2019 (annual),2019,,National,World Bank Open Data (UNESCO UIS / ILO),SL.UEM.1524.ZS,6.696,Official,
K7,2020 (annual),2020,,National,World Bank Open Data (UNESCO UIS / ILO),SL.UEM.1524.ZS,6.987,Official,COVID-19 shock (2020)
K7,2021 (annual),2021,,National,World Bank Open Data (UNESCO UIS / ILO),SL.UEM.1524.ZS,8.434,Official,COVID-19 shock (2020)
K7,2022 (annual),2022,,National,World Bank Open Data (UNESCO UIS / ILO),SL.UEM.1524.ZS,6.813,Official,
K7,2023 (annual),2023,,National,World Bank Open Data (UNESCO UIS / ILO),SL.UEM.1524.ZS,6.912,Official,
K7,2024 (annual),2024,,National,World Bank Open Data (UNESCO UIS / ILO),SL.UEM.1524.ZS,6.964,Official,
K8,2003 (annual),2003,,National,World Bank Open Data (UNESCO UIS / ILO),SL.UEM.ADVN.ZS,6.097,Official,
K8,2009 (annual),2009,,National,World Bank Open Data (UNESCO UIS / ILO),SL.UEM.ADVN.ZS,10.678,Official,
K8,2010 (annual),2010,,National,World Bank Open Data (UNESCO UIS / ILO),SL.UEM.ADVN.ZS,10.325,Official,
K8,2011 (annual),2011,,National,World Bank Open Data (UNESCO UIS / ILO),SL.UEM.ADVN.ZS,10.04,Official,
K8,2012 (annual),2012,,National,World Bank Open Data (UNESCO UIS / ILO),SL.UEM.ADVN.ZS,9.196,Official,
K8,2014 (annual),2014,,National,World Bank Open Data (UNESCO UIS / ILO),SL.UEM.ADVN.ZS,9.301,Official,
K8,2015 (annual),2015,,National,World Bank Open Data (UNESCO UIS / ILO),SL.UEM.ADVN.ZS,8.456,Official,
K8,2016 (annual),2016,,National,World Bank Open Data (UNESCO UIS / ILO),SL.UEM.ADVN.ZS,7.512,Official,
K8,2017 (annual),2017,,National,World Bank Open Data (UNESCO UIS / ILO),SL.UEM.ADVN.ZS,3.68,Official,
K8,2021 (annual),2021,,National,World Bank Open Data (UNESCO UIS / ILO),SL.UEM.ADVN.ZS,4.578,Official,COVID-19 shock (2020)
K8,2022 (annual),2022,,National,World Bank Open Data (UNESCO UIS / ILO),SL.UEM.ADVN.ZS,3.696,Official,
K8,2023 (annual),2023,,National,World Bank Open Data (UNESCO UIS / ILO),SL.UEM.ADVN.ZS,3.352,Official,
K4,AY1975–1976,1975,1975,Higher Education,CHED (Higher Education Facts & Figures / HEMIS),CHED-HEMIS-GRAD,180000,Illustrative-Estimated,
K4,AY1985–1986,1985,1985,Higher Education,CHED (Higher Education Facts & Figures / HEMIS),CHED-HEMIS-GRAD,230000,Illustrative-Estimated,
K4,AY1995–1996,1995,1995,Higher Education,CHED (Higher Education Facts & Figures / HEMIS),CHED-HEMIS-GRAD,320000,Illustrative-Estimated,
K4,AY2000–2001,2000,2000,Higher Education,CHED (Higher Education Facts & Figures / HEMIS),CHED-HEMIS-GRAD,380000,Illustrative-Estimated,
K4,AY2005–2006,2005,2005,Higher Education,CHED (Higher Education Facts & Figures / HEMIS),CHED-HEMIS-GRAD,440000,Illustrative-Estimated,
K4,AY2010–2011,2010,2010,Higher Education,CHED (Higher Education Facts & Figures / HEMIS),CHED-HEMIS-GRAD,500000,Illustrative-Estimated,
K4,AY2015–2016,2015,2015,Higher Education,CHED (Higher Education Facts & Figures / HEMIS),CHED-HEMIS-GRAD,620000,Illustrative-Estimated,
K4,AY2019–2020,2019,2019,Higher Education,CHED (Higher Education Facts & Figures / HEMIS),CHED-HEMIS-GRAD,830000,Illustrative-Estimated,
